1.6162200377487177;0.27137388654731437;1.7403864944723932;1
3.6935264542781843;0.9498525702124534;1.4570391102784441;1
5.065052361763522;1.1694440276248488;3.4153961961917574;1
3.0776938281260233;1.5336411163424337;5.407650955889352;1
0.1892833071150459;1.328780433784981;6.282414723455343;1
3.003531392051821;0.5652377182994166;2.5368902479741045;1
5.172064910560204;1.372483960454653;4.144579394087566;1
3.127433194327795;1.2298843703617939;1.965819003394824;1
1.543643978275166;0.8077833838891545;1.7053344390599736;1
5.757583614234907;1.191358641210706;3.0155495273695387;1
5.803221649214777;1.1169654414950494;0.7047190016758356;1
3.599099604432947;1.0539080897310966;2.698367304143245;1
1.2020147625924722;1.320544889979659;6.203622430267109;1
4.0227791059484055;1.23872027360005;5.5061267973616195;1
6.044157699928512;0.8287679687131454;3.4501239595167457;1
3.3507124677222397;1.5053229993817765;6.150166249501952;1
5.557198097026315;0.9206637908302981;5.428144419445165;1
4.185695139053099;0.6850880277854733;0.6410395309963581;1
0.7474272129132503;0.6618710224740929;1.0943456780409488;1
5.845120484371668;1.2394690893959104;5.7576087122387625;1
1.7951987267518077;0.738284451527505;0.13392708118310032;1
3.4906480547700967;1.0606881712318765;0.4592952564268993;1
0.6959106461732375;0.6330524412147311;0.903357486780199;1
2.9147493392962374;1.3761300604370732;5.2046703853512115;1
3.785674692542531;0.6310931265010764;4.35101523266483;1
0.943679349420724;0.41239913764661;5.0741012284450475;1
2.4320052300652573;0.9500956566886174;2.996978751634834;1
3.4438542469815863;0.6231270633260799;3.2270164185861567;1
0.2829352776047011;1.297270867860134;5.46572934756021;1
4.2916200976395995;1.159466727185935;1.587679199330016;1
5.7484667096807245;1.510253274750064;0.9958497809041876;1
1.7991278933781927;1.0279280708218608;2.3854750834016274;1
0.8748860299278233;0.9193626395081327;0.5420210091354892;1
6.0818110101308855;1.5534164698330917;1.9420196156784717;1
3.5153521681143993;0.2779569898834703;5.782435449297515;1
1.3461888147557681;1.1942775697907977;4.346573807191713;1
0.24309324485912204;0.5468861888828684;0.01841680466218571;1
0.08714472751013293;1.2734895032689373;4.860073445175635;1
3.6612190826890862;0.9029370170170793;3.689532991978658;1
3.799384957714965;0.3004272175641279;5.755725630692285;1
1.3039384434520334;1.1074526173818429;0.3197132421753809;1
5.616493083658894;1.0739898352073318;5.799064137522244;1
2.399339612900839;1.0465246508652533;5.431035758332022;1
5.730932411650647;0.6111500505600542;2.8061271705894204;1
2.3347878403179863;1.1951002546075413;0.21617739036632647;1
0.1833550730477737;1.4164545634234993;5.074388510126176;1
1.8106060312850047;1.0237569298846299;0.2022030531890258;1
0.3746416752112293;0.9785219390243859;5.642157018206181;1
4.727989350051623;0.9887650307980684;2.3005524808357483;1
1.383623184231223;0.9372527642800623;0.054332813675653895;1
0.21275899286080935;0.750515835549449;1.2197628708551382;1
4.660422960863654;1.0201165467574915;5.524561283014692;1
1.9576389325014019;0.7618508226841306;2.8584910910779224;1
4.866927621054982;1.0720427809004631;4.076977844911342;1
2.3959195814923078;1.2992090825271974;3.130031156964412;1
4.580091221391771;0.45648665889012685;4.686131497334958;1
0.2291919065491062;1.0912721087711637;4.486491971114728;1
5.912958448354173;1.0078117614930246;5.15611356533072;1
2.415499861663155;0.9802827653312168;0.7521085147239578;1
1.9994018338162183;0.1536625450558719;1.5519521232870641;1
1.2694745529976932;1.4073037825375097;4.381577517438903;1
3.5393487788668194;0.387887336091822;1.9766361802057861;1
5.178820489207249;0.6494063565239672;4.755613483229038;1
3.603782133758469;0.8722245982051192;1.602586738156705;1
0.19381703041541626;0.2646930370023635;0.0321685166700868;1
2.607286716845033;1.1350651123941766;3.7513291940453932;1
3.302294268145317;0.994251257206803;5.930124281960333;1
5.317915799818986;0.4207022077389215;5.471414248581298;1
1.66763733625363;1.360444978998206;5.203797544023074;1
0.4356059968142218;0.5597177980788102;2.4501305514706875;1
3.271236944767484;0.4249094426680825;4.005112877364307;1
1.5908252861130208;1.2011315600106909;0.977157989838571;1
5.3078832426363824;1.5200595896984048;2.016983443690542;1
2.461527424740609;0.9063258163800479;6.029732382332111;1
2.370692786306546;1.1884636774389499;1.7371089142617004;1
2.0166971415873522;0.614532010431985;3.372075214266769;1
0.9585208588037946;1.4343752857773826;2.5665836132394944;1
5.16908438517326;0.3903148569929922;1.9750631420285099;1
2.8721546980344517;0.9140178266654958;5.327799822972094;1
5.566502157282927;0.5904873581282132;3.622010348462708;1
1.079545266541126;0.4697177494338139;0.888083917856951;1
3.4020489683773256;0.9621594536984255;5.96256841109886;1
2.557772115873831;0.3794826824960834;2.686085608434152;1
3.466569053677632;0.8247905660348647;1.7433416239681996;1
2.1611986848907514;1.5608574371408441;1.9860070438884465;1
2.313464366023995;1.1655129358317855;3.5117030892537957;1
5.176824811285029;0.4196923641567935;1.156246814037848;1
3.6192885159994472;1.1408922035861733;2.6967555245678456;1
6.185871527789246;1.5392688887202266;4.855272012164109;1
5.472472601797807;0.5276667851554796;1.6896288536943045;1
4.752719653629664;0.5798581001898213;6.014901996309615;1
6.04635687159808;1.3233984470453215;4.220295193849856;1
4.762697645755818;0.8897207100290239;3.602668685586136;1
3.767810483482148;0.9385468751973373;2.4784419839114293;1
3.350044785973548;1.4896129705666417;1.4417073534487366;1
4.925163941367131;1.2662724173873585;6.088434145263226;1
6.016883734013411;1.3432177283498197;0.9304034734129618;1
4.185178142294139;1.3211279535460045;3.5520083442912505;1
1.9968705719907727;1.144276537029737;3.8724790764532306;1
2.2779299344273913;0.35876331724862376;0.29145537289404605;1
1.0787424105820107;0.33382458600812204;2.9697988925782974;1
0.19531156229201882;0.6581787545850888;1.2504704326045455;1
5.043673158841386;1.184504606433722;5.6840089170197;1
5.420255721956785;0.9299986170739611;0.3011946862440373;1
2.201199231819693;0.8765885517506686;2.600268960694979;1
5.309041049082258;0.5740820268128113;5.104151206403729;1
3.4863065879230657;1.2410029803743388;0.9664158392281432;1
0.8985975511510262;1.032437282994224;1.3854553022661122;1
1.9445955999131517;0.687909635517416;3.4079573271325194;1
0.10486272120703433;0.9470817778643753;3.167923488273743;1
4.5447330650389715;0.7386371181821075;2.94163654861486;1
2.110260370132403;0.8253677319616857;5.154950504214831;1
2.061369252270844;1.2092408511728547;6.117555171768301;1
5.403760657282296;0.6410462955186237;0.8237266363126294;1
0.6824032724829173;1.1202452592423275;4.562506257856381;1
3.7155136134932945;0.41131360636913994;4.244344469999511;1
4.434080011370243;0.4782753342624761;0.9264029284853057;1
1.1402844837889703;1.3140864850520664;1.4423892732572;1
6.140450741133685;1.5535953325018201;5.19707981610708;1
4.646696265318237;1.3679681632131806;5.738345723027073;1
5.995658216436643;1.192654832083315;5.690915222258315;1
3.362461123704507;1.467602131007476;3.8617692008518856;1
3.0348092647021527;0.8639693795149023;5.563008994344118;1
1.7548758093234689;0.2690274914088921;1.8230676613520598;1
4.371223782300833;0.6248483183339317;4.812968925331354;1
3.6065511403321455;0.4475687782296463;5.054213634608821;1
0.7954372481279419;0.8727082818421938;1.6427853795954608;1
0.6540181968357128;0.8121166615066672;2.021498444954672;1
2.088325131522283;0.96236797735829;5.797676451140422;1
2.9808872451103743;1.3232467871719091;6.179952481574717;1
2.215168052372654;0.7863624453663595;2.377227999394263;1
4.524017785450981;0.6433291781734009;0.16264807509000856;1
0.8901313930540941;0.5178468597660468;1.4854403170334054;1
1.904012570622877;1.2794509450735534;0.7905686118299238;1
0.868952087764121;0.47798941481243085;5.767194281865171;1
2.508427123419852;0.8578276599303216;3.4145578946689334;1
3.954000912041035;1.2189955446506033;1.8294295964287643;1
5.841429341594636;1.538481799749571;0.9218488358030097;1
1.7908437846574832;1.3323894437068544;1.4882400398876767;1
4.677952399699477;1.279735033681337;1.2554004178130507;1
4.701337143402686;1.2130963676257522;3.2460834028166907;1
4.209721403474582;0.8956489746107684;3.4724590747663804;1
0.40993728780570493;1.4854639804033585;4.266392447500402;1
3.2471100721062407;0.91835962664474;4.47402050091928;1
6.029741782304179;0.6649584309326582;2.382514661759391;1
1.6541914634602528;0.7107598338749999;6.223443384169387;1
5.794481764399584;0.9764372850553752;5.588626815525834;1
1.8642107040941698;0.7338525869228588;1.455888941121074;1
0.4618357699397244;0.5867751841669214;4.709322435001261;1
0.36888359918375235;0.6301803320008205;2.414449153550146;1
0.31527892960484527;1.1014721470420334;1.6520032460978342;1
3.866260763737389;1.1102338697255714;4.662290402275529;1
2.2760936446154494;0.7518660476599899;4.713386484638378;1
2.467226215878283;1.156228597112228;6.106236690955674;1
5.729291278929886;1.5620026602679329;1.728860339704153;1
3.745498020187843;0.7979938577289921;0.013472848487674171;1
3.7123452128330223;1.5654060888359433;4.252178350087222;1
0.5921789680425766;0.6498896959229398;3.2891734180114294;1
0.44650664512278915;1.1527128033827898;4.138366190849006;1
5.660062783499664;1.5220389870614925;4.689871392154503;1
2.1910074727018487;1.562357049182636;6.095651930224794;1
5.366035424861269;0.7851740206035236;2.127210826078816;1
0.8375516246140128;0.6953614729090709;1.1919059431049057;1
5.451895121861676;0.9374173701312967;1.3067123840194992;1
2.5577715688861775;0.9789166673281299;4.363650531142441;1
5.231707467125607;1.4227917365057725;1.714745361505721;1
0.6010123780531392;1.0432582271254094;1.591148911060162;1
1.0536852608363567;1.4479229546410357;1.5049731185411928;1
4.7439753169315475;0.8305605478814724;3.4394683246883746;1
2.3310930780093693;1.350870882095245;0.32280075013187687;1
0.06604338742336534;1.0355860282935019;2.1660227721121688;1
0.5506125657231408;0.9671303230379122;2.2138824271338104;1
3.094246221445504;0.2658247162384482;0.5878017897741057;1
6.240158136649978;0.4006085450920326;2.9141307596749795;1
3.5391886523077267;1.1641192564988805;1.6071446817145065;1
4.237329421590084;0.982063828297319;5.566104243770053;1
5.50589634557802;1.4512097382722946;4.219832995337479;1
0.41330558835551584;0.8382434658582811;4.5990376048678;1
5.998384725933562;1.2346395426568486;5.469139062905916;1
2.793877562495221;0.6500770898659568;1.6069414077858946;1
3.3162272292062083;1.332077760918982;1.742026084248321;1
3.1080734255051556;1.122343183179443;2.3044111942018586;1
2.273305679467507;1.1245323283761164;1.7198058117526567;1
1.1163359976336225;0.5250902733857655;5.073062041785341;1
0.7236343664434792;1.280014838951151;4.216046512840625;1
4.39175409780207;1.2701826109679026;1.3262285152504298;1
1.444605049400573;0.7389677716654409;1.5206760335753118;1
2.9276615556299865;0.1696472896830722;1.4120581447943596;1
4.551288671437407;0.28014012255293286;6.282257749181611;1
5.078502990933015;0.9239481684375027;0.524301517609643;1
4.509787826224196;0.6445699780221764;0.9241539949421412;1
1.2560591617810355;1.0355038024257393;4.464451936832372;1
3.9245155072010633;1.1193054121253019;2.23276982153124;1
3.6134511913010483;0.3137601120392779;3.1487470659375614;1
4.931384792826274;0.742552205501342;5.407119427585444;1
0.04305393582089038;1.5675487124681717;1.6665190998556398;1
1.395020227477019;1.355821200980899;5.770936806011101;1
5.575514575772809;0.5539293972603818;2.3153687815241235;1
4.194079847451847;1.2244897625383326;2.4890652888656453;1
5.363073728961569;1.4623576303362007;2.166881408268074;1
4.242210603136639;1.4168912543231424;4.163365059089013;1
0.0024581511279124645;1.4627659729073677;1.6798164051741669;1
5.296583878172378;1.3555811897847752;4.830139546513121;1
3.4786551922577384;0.6917808147614035;6.139013743554408;1
5.786585436549507;1.4173508629131093;0.009746598630470373;1
4.31841459979597;0.6344850063089779;0.5086803628533052;1
0.1736498860310928;1.1381081165808533;5.57801358512934;1
5.00797374034079;0.5261588440564309;0.34644721047943966;1
4.571361605035542;0.983798404594175;1.742937340701822;1
2.699167641779326;1.4450140627879144;0.7644143199414202;1
1.8527112582456517;1.3642631970659476;1.4561152971414295;1
3.384127624360043;0.5494819419119523;0.10241373543836935;1
5.356655716889498;1.174242681046412;3.686754973924609;1
3.367882420216088;1.2889453640107007;4.488075665081141;1
0.2026565702430276;1.0420357439772558;3.6197134805975772;1
0.9189268509050591;0.7315429409298887;2.7538452737269976;1
2.7689520944706554;0.482633190541432;0.8738836546196597;1
4.325946898607255;1.1903912866223787;1.9713321680561926;1
1.1636662337108277;0.7188251325875681;1.0310842406051102;1
3.873612358894669;1.1414096046465632;1.6490441846808404;1
2.7944564337824724;1.139210040739139;0.8256392626798911;1
5.451983949668224;1.324467082681696;4.426044989527185;1
0.34808307025143687;1.252631692639298;2.6577118809330518;1
2.6132007855721726;1.3864229735000957;2.3075329869423564;1
0.6027073721718956;0.23181726111156908;0.0483614544105193;1
5.711619607770918;1.5132638315493698;4.0417751185048525;1
5.262249776921206;1.175345844589465;3.974678227111024;1
0.6402216303101915;1.0954729230383433;0.48271036216161;1
1.808121173922815;0.6988514579683278;5.957406458513486;1
0.5085284900018049;0.625781331307528;2.9200398159991545;1
0.5429777641578442;0.8097462555000634;5.363738541377113;1
5.120605134567858;1.1727515702535227;5.612465378685948;1
1.0538936124010263;1.3639925370728734;3.17526250681376;1
0.39842037752565784;0.4541976960063582;4.194462036433359;1
2.5740019329161776;1.0651962796779582;5.7551033997025;1
0.10191104653354538;1.061644488839705;1.8164049557238628;1
1.6020922861526252;0.9802905552798622;2.9483257058774814;1
3.3492522084542253;1.1545363663321004;2.183607634329275;1
5.505901891456042;0.9403469799585252;2.2181961836216497;1
2.955437622988459;1.04396306759762;4.95264330866556;1
0.1349871286155162;1.5537786480196276;1.8936238168020327;1
1.4718649884742063;0.3334398507421796;3.3243519054312882;1
5.7996419133654395;1.5288650056233712;5.351651146167395;1
2.7906429072463808;1.4924562571954403;5.017922366946488;1
0.5342437839520062;0.8031862714146241;5.227483379716305;1
5.860179982135487;0.8599209649419108;6.163543269694939;1
5.798778259425048;0.640995545509878;0.3656044281139562;1
2.53335748458702;1.3630880982677431;4.64525752357636;1
6.086215633498613;1.5084351220743386;2.2552829939110035;1
0.04602291800531568;1.3724026587805953;6.136550632737671;1
0.36681256278251756;0.9582166099689993;2.832464291676603;1
0.931254603585627;0.32787355700417825;5.827007233462226;1
4.903021519094389;0.44720862761559177;5.206085448310324;1
4.033021345487936;0.8044646506507576;4.277265106251693;1
4.4811666138666695;1.2602535881103774;2.843078962144065;1
2.0835898526941383;1.0358372529916582;2.8698884948267467;1
1.0052514181446521;1.0139195940281083;2.584376045953199;1
3.918077166420478;0.5402092359713794;2.5445574147863446;1
1.6414454173668351;1.3619430961715533;0.06200823876166088;1
4.028132788752253;1.0608659213992224;5.724303373367191;1
2.686572459237193;1.340003573613509;3.2248433675653314;1
4.082656154744822;0.4601355535147709;5.5663885002307385;1
5.593346255597851;1.1641913749281834;3.2471787639697753;1
3.9254390729183934;0.6127523269212568;1.3030269364898845;1
0.29617570898912576;1.2756530750476833;0.538077290071354;1
4.8839577369505935;1.240436864597634;6.197410041153526;1
5.969631836492218;1.389051142889985;1.2739342874735085;1
1.0344368602243206;0.3735772960686798;1.036800327208123;1
1.8567133470957706;0.5676044735866612;0.06049605340949279;1
1.4411546424723183;1.3528467948785412;5.137702344277139;1
1.651897772236022;0.29819925910544665;5.926574924172292;1
6.168368943771764;1.0074894317767928;3.361635666944979;1
2.4698797478163925;0.5419162298569051;2.1496258884606805;1
1.2377828345524506;1.2846650277996519;1.3764029460029996;1
5.46598259170634;1.258789084507238;5.532637343910222;1
1.7272696953983644;1.0119045176909083;1.3334932113621953;1
1.9835261946027356;1.3919676898522704;1.9561342540696092;1
3.387799661319231;0.8302169477886443;5.09459389135184;1
5.1954605955065345;1.0124885416886307;1.6773900142035116;1
4.147107242789135;0.7139355247438964;1.1293849478879083;1
0.3899828275279843;1.2674528089957733;0.9222947463649698;1
2.48671117763239;1.0501779047016049;2.9312346374316527;1
5.5574000615708865;1.4479209941791604;3.5271574411970077;1
6.173280963377898;1.0863766886288853;2.572059837072238;1
1.8950213430616452;0.7052843123650913;0.7461965363267481;1
4.282553253680432;0.819515920354894;0.10446538053872222;1
1.3431354952667756;1.5072099843422602;0.13485013589011427;1
2.058106391352554;0.540203839945861;2.8754705567475116;1
0.43447608502737334;0.8945339309806144;3.427904550339787;1
1.4322690929653696;1.3991517175982955;1.9564442679214495;1
4.711541137694169;0.7104250690849504;5.278246985541185;1
4.0673951004777935;1.196655582190773;5.390977037714504;1
3.2138448842834344;1.2609299281335227;0.03195164221151715;1
6.1535823766853195;1.371461739905858;2.6812960371379333;1
1.4916916545027135;1.0861393457202921;1.7142056615122327;1
5.418560053199393;0.0790522344505562;3.850274324463426;1
3.8972777349936836;1.2744171635462815;3.505093473949201;1
0.870982853131267;0.3000728367996215;5.019585365929169;1
4.164189901957095;0.6706869924881179;1.2465105098695681;1
0.4840053484716164;0.9008297729711591;0.8662868027713495;1
2.579725536082471;0.5169790030401842;2.8544477030998365;1
3.031067203736584;0.3379599973005452;2.6209277084624403;1
2.85741673162084;1.1945484287101866;0.8697875058150601;1
4.239082905858597;0.5704964626113141;5.6748514588748815;1
0.772465037655694;0.6587526115817012;3.502092640056624;1
1.525562323030575;0.1198661629034391;5.615442919406337;1
3.9332273524161736;0.9993192244099531;5.94455144821873;1
3.3189131962895413;0.4228315915000343;4.702655872622955;1
4.636270063647112;1.3821172993657156;3.5464063297452517;1
6.069941363832828;1.406497688641993;1.6416771313616092;1
5.714435437916252;0.770166492011056;0.9145254687597472;1
2.3542565717601103;1.5103012577425485;2.7164665769176093;1
2.502001823505873;1.0053796037405591;0.3671815561455752;1
3.901946763993201;0.9567631263085756;4.5515535195886745;1
5.809527387224197;0.7551472447378107;1.718031768661801;1
3.518875264896433;0.9151566413865352;2.4876811746531686;1
1.4669147365435002;1.0860552356237543;2.8826032383019795;1
5.862638262571091;0.8563548759197267;1.9598880928448024;1
2.9910785207565125;1.4635536442249182;3.363497489017874;1
5.412776172030894;1.1937017644956247;6.209644559471479;1
3.6084999901448698;1.0739148266626615;0.4740551245439061;1
2.940092282090082;1.2748105406691674;2.7623386030007295;1
1.6036151332477266;1.3261177853163466;4.055210150947671;1
5.899151542767358;0.2194252617435562;3.218009426602549;1
3.9657124829962647;1.3296888662439559;4.387210239108813;1
2.3915704381983676;1.5218581165098113;5.030023943450184;1
2.9699398368038414;0.3245079386820551;5.450912909257048;1
0.9802517741539468;1.3994770592013095;2.523809810994384;1
2.4663919712332842;1.4216759761869235;2.976424785048954;1
6.162660057536403;0.7261489093055713;4.717291585534339;1
1.895935690516083;0.9926917533824557;0.11641905531750182;1
0.27424418277274104;1.2382749281544265;4.035966005953981;1
4.854320829569077;1.4704989272987363;1.492860180916653;1
2.164006456342421;0.9602646417787885;2.8514723699025972;1
2.8947960125916903;0.4389771302204826;3.34161427170627;1
3.477624763650088;1.4710574609272977;1.1599815442692587;1
5.690572297176029;1.4656469926161555;6.154305792589541;1
0.782412211878703;1.3235501295754866;3.0444210242490386;1
5.029751307341153;1.4984748083892607;3.8341924626938786;1
2.958855311459117;0.9584679620266223;3.6949993546096382;1
5.95476032580252;1.172386009230938;4.516100516944235;1
3.0233304978559263;0.6728062889351106;2.363699852823636;1
2.5043622720616656;1.3583388328158958;0.12898366216291166;1
5.7711008397808365;0.1716823716201094;2.9041513085458375;1
5.024214010253667;0.3667915185310027;4.820649925346494;1
4.145029537208783;0.12616640929972886;4.525537724666915;1
2.43522390755421;1.13997034224902;1.2666571869732564;1
4.957176312042934;0.5949365909185166;2.781119981565617;1
5.137268954265092;1.4266482751504364;0.9050664215133921;1
1.2678338563392726;0.22542973699146124;5.641666595631034;1
3.5703896741886383;0.7252073124208638;0.43237639782247694;1
1.2427485388846926;1.5175281265473386;2.8791086467260705;1
5.142859624567367;1.262663656910409;4.976440198818009;1
0.44604777784463995;0.7563061789070733;2.111142718771479;1
4.846697716218746;1.209754091395286;1.2805632698265739;1
4.021426695510116;0.3188473755636041;5.686527919548805;1
3.2961939549988912;0.3976394565652466;1.3965968325517382;1
0.7303167092531846;1.2756964678291967;2.1211028524063367;1
5.920263200783946;1.5247242753872075;0.11074327587304206;1
2.98066443204076;1.1662009346234927;0.29400943470778806;1
0.15030707787613304;0.7326639689623619;1.791756854908209;1
1.7711821505824632;0.5662385163876941;0.23539453753065506;1
0.14777576084434144;0.4533977911858021;6.087270434085612;1
4.021645339932921;1.311734782204102;3.2033120545494658;1
5.313062108733213;1.2918670837142006;5.848364539081971;1
5.0425774046563925;0.7824539641447463;5.521300176070617;1
5.7118665898775225;0.9707725016948341;0.029454871536632204;1
0.8647760107438736;0.1112451778775559;0.8281515102449479;1
5.457718958089302;1.469166218323307;0.5080093554213241;1
1.8412161532574876;1.1799162984051326;1.220503156514479;1
0.1937993034309322;0.19224416685730156;0.4691390000053031;1
4.869612326937054;0.6896642949717232;4.140488469518838;1
3.103137611321127;0.16407610654452767;0.5425395200119999;1
1.012398841425066;1.1250476934105011;0.05786744149724867;1
3.299277939189703;0.41290265347148736;5.273099532719425;1
6.24026316974846;0.5011023410428783;5.439404605078025;1
1.9807763383641854;0.4911772916652411;4.347693154562792;1
0.820467534141797;1.0662999474790653;0.36077128858407603;1
2.5233229420180368;1.119523120065764;3.555906561108414;1
1.5273876512177698;0.7963769911529615;3.7260770290505705;1
5.810797550851536;1.1866777430535176;6.080521670301417;1
5.443296841293906;1.181323446056034;1.40069994200566;1
4.465917472728926;0.4523189950488245;4.183750259919502;1
2.4325546404289016;1.4292970989453673;6.091277581353169;1
3.018861620820295;0.4222631247453083;1.9029761291693936;1
4.658488907915396;1.3848463087448626;1.148186238590703;1
2.317046283260133;1.2003297734662175;2.386750360555661;1
5.918566930828403;1.533326298873066;4.3213716053206666;1
1.5774753810941804;1.3204418545691783;1.780332750749374;1
4.253861504320002;0.6530070866758471;5.863424787454725;1
0.37255931526740627;1.0545918038405149;4.856398475654629;1
4.2029548798929435;0.35214482637406236;4.180215143835612;1
3.3617167931738523;1.5322115587999918;0.6115878207258676;1
4.536421207261269;0.8996221379531925;0.8404115286052659;1
3.0379057463421018;1.4742846456692822;2.754770827580592;1
0.3169991569655492;1.0484447254965772;4.483435977705223;1
0.7705043773481254;1.238389617005566;0.1652069997843678;1
3.8818055004108;1.4187278907602283;5.005237815899009;1
1.1030177284369977;1.381094871353182;0.9489374587645648;1
3.5581541619828068;0.8034331174602226;6.1836649081804405;1
5.27960164773171;0.6485955142033898;3.702831654955094;1
0.10888115043191371;1.5388696609839512;4.956970797516825;1
0.8895670757080031;1.2503466827789655;0.8616325256629684;1
2.5354752382580985;1.4113046288254552;5.929538030207813;1
4.255905801349415;1.3556897221427002;0.06559802903080258;1
1.8384069096737692;0.46685860855649103;5.635804997831392;1
4.48236110165322;1.2692690067157246;4.1286541937500765;1
1.8710856112649432;1.4723312007114162;2.8857291764369593;1
3.464510593089075;1.3064901020140667;5.49652712853405;1
6.139357856815005;1.4274871413675523;5.1965100560116815;1
1.482760551288879;1.5462284764915941;1.3233524279745903;1
3.8342781745112244;1.0529452881980097;1.5634410400930907;1
5.76275165212346;1.335096498195939;0.8169561253970706;1
5.292273001551188;0.8090932773924002;3.067880722374551;1
3.3247986424917313;1.4410240911970496;5.587833092145828;1
3.1157519871978816;0.8320239860996345;2.9398677208827952;1
1.0563586030210772;1.0271578164960948;6.110260493013219;1
2.5474402094072337;0.6294305165621075;1.352080171727534;1
3.0059955856094636;1.0973194121326195;1.2939056190124776;1
0.7128092819143098;0.7373662825416241;3.5420454982439447;1
0.7274444499116243;0.7737045167247104;3.9958291191487327;1
1.9374804731370112;1.342214929596544;1.5463541446229347;1
3.8922799670158215;1.398424274911909;0.8088393209677676;1
1.6690764896545376;0.30317184409008996;4.603353701323248;1
4.7951405178580915;1.0917535546528092;4.218821385081363;1
3.0852985068845187;0.09735522185731454;4.858916587089084;1
1.1485071793660744;1.4488101456021558;0.2741859182545714;1
4.026293624331382;0.7758951612034847;2.2856658046968903;1
0.7097987605592778;0.9965221168965955;6.105859171146189;1
2.600246240288682;0.754361709642524;1.4240445822986574;1
4.782911432071662;0.8640103175789579;5.9847300311636396;1
5.986811735448151;0.9566651517772687;4.6772845377284;1
5.459530249544206;0.5138645512963547;3.478724293075506;1
4.741407590010018;1.0731519901940159;0.8791024955049364;1
3.479042056744863;0.9905451443981165;2.496885963124208;1
4.688144699455582;0.9875313864664175;0.23344015692057837;1
3.778122217876649;1.520115268258867;6.045604036490346;1
0.14892027909460978;0.7600155541408082;6.1722505376535635;1
0.13641809624888068;1.450689385788412;2.35542371725663;1
2.801260835015209;0.6238043287927425;0.7434786956799837;1
1.5886654364700157;0.30495479624949395;0.6864700355805148;1
2.513710745608732;0.5692161211332997;4.477928109747653;1
4.855781583838311;1.1084991399281447;5.481387913138989;1
2.4530703606419664;0.0813605842814113;1.822378843188253;1
4.778180291682126;0.9518059145442959;2.495417483563879;1
5.002159810178187;0.7022367427051079;3.35389406711013;1
3.49964359778211;0.23602491120072153;3.9008521648171195;1
0.5372184314028409;1.2108338393476388;0.9090593554035192;1
0.3909529262737489;0.6213056816717368;0.7082235878403785;1
4.437807379848587;0.8413417361503466;2.4423669503602023;1
2.6771968541070903;1.236994091651687;1.3394867814934956;1
4.784869786462359;1.3838500363687252;6.102175826990989;1
5.308020004861558;1.2823430930087767;1.913726504216826;1
4.941670896337365;1.5000283979641216;0.921598348307683;1
2.3012776996454294;0.203763170596456;5.580344664535008;1
3.186809068472828;1.1856079370516364;0.2916491840214157;1
0.42956622387610954;1.00295919154981;4.258414997137127;1
2.1761015032166435;0.27307149827596694;1.1194823581274005;1
0.40753744141251386;0.5789922631928435;0.1340052711714055;1
4.914629391791193;1.4999723708401098;5.986404056939485;1
3.640980636277997;0.12764318980499625;2.8551632036491696;1
0.09959546148141342;1.1825763186285754;0.7119075896398313;1
5.783213166413147;1.2848705446772148;4.4180739084554865;1
6.215743053224849;1.3771116837492552;4.429420894212962;1
6.227399074339106;0.5282315968808138;4.140162838797811;1
4.8410891705415215;1.3087585371029886;0.0995198365911595;1
5.9301215893781;1.2656154620669617;4.4817463495494945;1
0.031308407820128566;0.3996901380056804;5.994699496412838;1
2.9586824376631093;1.357417600814357;5.575220126057954;1
1.6676363110064756;1.1567345948173289;6.205954004528731;1
5.231537062890386;1.1068288793938388;4.56185566053292;1
0.8301489896566577;1.5568667415908286;5.441855740760003;1
0.8413279650941373;0.9225568539133856;1.9984709472761566;1
0.25253491753327634;0.43276714078367234;2.165755225311709;1
1.4364614878185988;1.3057852304439654;4.3931036526225675;1
5.303347709611332;0.9757989832791036;2.796293655129102;1
2.4283577120553215;0.9235696711360772;3.2091119867018327;1
3.8263300139920546;0.7950966211076594;6.118038464485305;1
6.212962629881047;1.065007281260065;0.6947942068418022;1
5.919872069685206;0.8810418416016961;0.5502305859583362;1
5.088365695342704;1.2679591314430632;2.659282798185706;1
4.708790026897899;1.0591677701917628;1.8579670040281147;1
1.3601336720638513;1.557073475702948;0.07959393102488564;1
2.1511781455043133;1.3104079591554831;0.09976017554228825;1
0.06153811697398307;1.0702149760647444;0.347916963617952;1
2.795523371781233;0.46575219057763967;2.608095343199224;1
5.066783951098381;0.30168744476296294;4.865103222390284;1
4.051658495667562;1.488198391661271;5.907574787019832;1
1.8187046870286296;0.6715849773866043;1.2469360398666374;1
5.781743417626093;1.1493670504880857;3.3813444168162325;1
2.27583416782572;1.1757643022323738;5.48270162043303;1
5.805526080361533;1.1140119028020612;5.340928799284567;1
0.16279497098801365;1.3890510371006817;5.874904852730209;1
0.24783506275082468;1.0714185778566148;3.688362165315071;1
3.384713138999388;0.9686060458613948;1.1578552569964262;1
5.03163203259016;1.0535926242303293;1.4090800852812797;1
1.5730845164231544;0.8953622873287322;4.976104648502244;1
0.05636159772660316;1.5278647438281514;0.7829200235330261;1
0.9627870099197746;1.2680343993357013;5.697780699478173;1
5.217424674835393;0.8540204043386241;1.1740133520776865;1
0.8984738905776569;1.190349267910877;5.044419759835556;1
5.295897067427531;0.776698466106605;1.496333597957102;1
4.985313894687441;0.48369122790098584;3.2297286545584822;1
3.4547426699315307;0.6088677748303488;1.3353369701570026;1
6.028335123181212;0.89175788973887;1.1382114366752991;1
2.5809399278893874;1.5267610804807439;5.684857042185945;1
0.7918751106467756;0.5382040843597636;0.1171868108391642;1
1.1955354967914549;1.1231319560579134;5.722321598101844;1
1.9180077650588825;0.9148418234923266;5.321079773248076;1
0.5694907374905172;1.26517776796277;3.659173104404047;1
4.292388446032261;1.518152713023976;1.7411339236035142;1
0.35352048046935247;1.4827413628368058;1.1454140890400604;1
4.196862028330766;0.5582318789334684;4.2845875437130685;1
0.6127577838538869;0.853610468935214;2.089606991465095;1
3.564879774819725;0.17949612620341246;0.7938249463256627;1
5.792429943364738;0.24005028335894413;4.106882675233495;1
4.416157164199675;0.728786705129697;0.7404348808003157;1
2.8323009042127336;0.526880177400873;4.3331810173651375;1
1.7302191882027687;0.8704026798263945;4.9811249241163695;1
3.0186648338595345;1.2568889775016618;4.696934149833742;1
5.969742357791632;0.5887345205494412;3.020173981406531;1
1.7438191824382023;1.417494944399375;4.65245387447319;1
4.354571456113103;0.5746102739658554;1.6103587527616168;1
5.762356805348757;0.5778767303688076;0.29784439419511094;1
2.7280600771127506;0.20983675330512866;2.7159216690890626;1
4.583621682076586;1.1275266492720768;2.9841951158310858;1
1.637947060175607;1.5105922269464414;0.5601764697958628;1
0.3162099903299688;1.2616095127307747;4.732274177091308;1
6.0665646595525535;1.5580660385926015;5.383485107729156;1
1.3365206257945526;0.7504697150924826;2.5470873557799836;1
2.182000523841566;0.941037322579458;4.525160372121208;1
1.297966349949033;1.5099605028648257;0.08131228919204865;1
5.818882665943213;0.8705008628994478;4.044405439621031;1
5.634553281540689;1.1583465390185235;4.6164113773439395;1
0.041654520427139546;1.4949321198627563;0.6255331932100618;1
0.36139144766027703;0.054537333269753095;4.669115994197276;1
5.503795784185822;1.0732017605024193;0.085041644836017;1
3.64596104352124;1.0363894543002432;6.160427027091472;1
3.2390259041105463;1.3452295672763868;2.2413182685847914;1
0.3464015633700207;1.2494740117853798;1.3988839000248197;1
2.936952456345769;1.4996709630984177;2.0439975043882974;1
5.927025086804344;0.690021991310994;5.842946089558913;1
2.6094361937221864;1.103043308026251;1.6158035052669242;1
5.351839687334068;0.24793070215023802;1.6583657667495364;1
5.635954285354725;1.0015465584365928;4.305654409882474;1
0.09855206738146194;1.120364310999712;0.7334885547222216;1
1.2180969970850442;1.0703438848295757;0.42818710214839334;1
1.1724138196454634;1.4657574029259108;0.7728888942504037;1
2.8983532109479193;1.5199137968835785;0.9835151386504362;1
2.080774280861364;1.019275056888274;4.178181331282183;1
1.5882075421280413;0.762009252360358;5.3015366238930515;1
0.9954505878817393;1.2639780899551365;3.2397036667851546;1
4.492002987177798;0.5959376987812719;5.901990988909638;1
4.5461264353734885;1.3204751659586937;2.1933640586980965;1
2.5635127053421;1.462486693066246;0.8329501238537824;1
3.6901352520036745;1.465097785283895;0.9684019765972873;1
1.581602910908075;0.678220281920595;3.498342974803417;1
0.3082841702834214;1.070036841800394;0.38769848573261234;1
5.454613066943365;0.950807946635006;4.385092357680042;1
1.8399673104503125;1.534447462084368;0.6993760360531504;1
1.5674272696492735;0.5749787453389223;5.278324260608839;1
1.8413111303339103;0.5995428408314368;3.5851455126899863;1
2.6663593972977484;1.5652753486412176;0.1373405717076567;1
3.6913517963025337;1.4663866925331102;0.3307034861779649;1
3.9587988634394193;1.2491371745173594;2.258250971416909;1
3.3598107345542982;1.5130795258233283;3.00150693082228;1
2.954890986193469;1.1106107058108967;0.8667236411781528;1
0.6033594466303345;0.7180781662722053;6.018009314383845;1
6.23689135915753;1.42363164046153;5.612600573587333;1
0.6595507997498871;0.9997225791329359;4.207271188709681;1
2.808496143038565;0.23680208324449678;4.436809209795423;1
1.0671292090810247;1.387222878982907;2.3563310973180607;1
2.3657441134982053;0.42659448970762454;3.5730757078746627;1
6.129647740041473;0.8248054770041268;1.6847788389063045;1
2.3899476175769983;1.42139731182231;1.2908831486479289;1
4.183704534571207;1.4806319548690203;3.2564287172611004;1
2.5408637365807967;0.7666098049410778;2.7576865984877315;1
6.072843705734942;1.0889231541412019;0.9653085023901791;1
2.152125878099578;1.4669487555384388;4.241545031391993;1
4.424970520644193;1.496324619846333;3.9452501197517016;1
2.77991834955133;0.7357908832946667;3.095633418662506;1
4.709651977396452;0.639215598758094;3.3948008906965152;1
5.8293502577073815;0.5246367056956941;3.6726034128207905;1
1.306065594772365;1.3363477395807424;6.090262247877804;1
0.5995909099791156;1.5131052809016847;2.5767127428671497;1
5.411201852092392;1.0091926239129965;5.242357434842907;1
1.1732452065450263;1.487897159714024;0.9828180263940599;1
3.508098820497518;0.5309812917540127;4.0338749565887175;1
3.9504002756518037;0.39974054805852344;4.998031140117287;1
0.11410137033471084;0.6139915055837594;0.628980404171412;1
5.70341456990554;0.8766613254472699;5.040960285907274;1
3.6443626265517586;0.83803201940807;0.08467895234606826;1
4.885694037863514;1.4990587796790522;0.7944449504471475;1
5.969979078792634;1.532906134226755;5.641791306873741;1
4.2425855332125115;0.496083006746973;1.6497212243320605;1
1.7747824511729253;1.1257891612516264;0.4812505939493078;1
5.440642167615437;0.6077050905118332;1.6391536494399976;1
4.603501806644711;1.298529967927117;0.25013563859780347;1
4.828767164036975;1.3766403848151323;3.5587650004302303;1
2.2341421994856425;0.7084323953246864;2.260751134534292;1
1.3344342827004283;0.3592181791873122;0.247492529673976;1
1.3291826302230418;1.5431261180635596;5.873962793960688;1
4.345264670292013;0.8982792098667379;0.2831484295063251;1
2.0044838662744975;1.220999214499039;1.2001618678812809;1
2.8352778070996383;1.5230481005703982;1.957898183101621;1
3.557080199480736;1.4117413282737803;4.185056958199034;1
5.944888424267545;0.5176236451719662;2.1643489476092554;1
3.0053909537489973;0.4450704496816992;0.836823783771276;1
4.009631558630768;1.2255020857074137;3.756875129202033;1
2.2322857000350163;1.056300261538296;4.7355208258858115;1
3.616205695017746;0.8535521260174244;4.323754036979409;1
2.731228213576605;1.5074282859585697;1.697516067693184;1
5.331160623284274;0.8671419026077489;3.6187859925030126;1
3.343693915618379;1.2780026332343772;4.509122843386154;1
0.09134991647230166;0.5287058437742458;3.402544783417853;1
5.242442395029259;1.2116973788763232;4.554787388845555;1
2.5520888877321943;0.5774077083181549;4.098683219935313;1
5.649063758543789;1.1262895341293315;0.32907303820071826;1
5.558654038265668;1.5295084612058218;2.018617902780558;1
2.0435320123072107;0.8111702817194127;2.139657127365986;1
5.689478464193129;1.2082261468458448;0.2861174842091806;1
1.9019659427184623;0.4734309958002245;0.4518851955888838;1
3.5758105444763517;1.4480449167791192;5.532325174527117;1
1.977126160049771;0.26164563522628126;5.315343901182731;1
5.066549910319967;1.2876247311266273;0.4025424830373966;1
3.412452461070603;1.4162648257148125;1.710768491694747;1
4.348514060058237;1.5656922662525927;1.1399938599540047;1
0.5778402470881184;0.9179763130906996;0.3989926195199644;1
3.742589284836603;0.23546526657976477;3.876298700300838;1
3.0545972693081627;1.5647920881142574;2.4470363645198208;1
0.07488866908903262;0.9912343932513015;5.286163487470584;1
1.2106911361347164;1.1063155263953843;4.992344697803191;1
1.966077044451228;1.0906016286842362;2.7633530024691013;1
1.4433230002939181;1.1165431616475057;1.3082380747051345;1
4.481209617014033;1.4448887831493664;0.6633432768370203;1
3.3864059779624194;0.7106477048303499;5.923259559759577;1
4.007644106842767;1.3787257082923325;0.3769114835664665;1
2.3738540675903375;1.1927529406124096;2.487337384892889;1
4.1223848589292755;1.1653973548663914;1.6606149802422434;1
5.598979530948657;0.5547665987891861;1.256476746099825;1
4.589172734886844;1.0353652543350989;0.9889414060539472;1
3.298316905571268;1.1915737897807483;1.2522084479860616;1
5.057602876826444;1.3376010049998255;3.666886436060202;1
3.0817834367854497;1.159483053340071;1.4590300748747846;1
3.7776411537941894;1.120581111467869;4.436122721583273;1
5.932919002488761;0.7265433240761977;4.713219538065194;1
5.1376008342937665;0.042272506135255315;2.9715912227802646;1
2.9034634895271982;1.1569284182303732;4.738560464374256;1
6.099682062033017;0.8640070845005066;0.6407660311043539;1
1.3112685424516395;0.07573500360368532;6.123522028988128;1
3.9568239449904494;1.2676735758764182;5.356502712006425;1
3.6291278636543685;0.9660705840867027;1.1433427114135783;1
2.197720064886817;0.9811200432661847;2.5057040169999474;1
0.3353284028729127;0.11946239929956062;4.389452192839694;1
5.106636759916126;1.3453998582521889;3.279490784772037;1
2.231989730505068;0.3217694507473622;4.353883914859611;1
2.776834244699576;1.2322476080356948;4.900939452483639;1
1.319986990317276;1.4251910267229502;3.0022499493019645;1
3.31643419237413;0.5481939754026143;4.787950643053647;1
1.2150282177211997;0.8884738889988648;3.1897601897079335;1
5.856636764795433;1.1124740049803723;3.1483333658038135;1
1.330627769019864;1.2971639360712879;6.056994842466551;1
0.17559851251853517;1.3165751290114285;2.674291026506047;1
1.8674337669730092;1.0020322127414714;0.241726205694834;1
1.745277225621575;0.4113003290049064;4.582004935550375;1
1.726812576319985;0.10183306192378183;1.5418549257427767;1
5.594333166337858;0.8815685692994537;2.4645762696495286;1
3.5552137017388037;0.918200980435771;1.3907034436443269;1
1.7109648994200932;0.5000870115833903;4.137865278912712E-4;1
2.0190975720823863;1.3700123577354157;3.571945809261961;1
3.0296694111288325;0.8941032331705713;2.9682441395177657;1
2.2479277238434077;0.2756601103564496;5.433530768428925;1
5.5976092315685495;1.2181069622762928;2.4675861982741147;1
0.008610155971684644;1.284682062481323;1.0170490335811486;1
3.6239783488975847;0.9972279694536311;4.108143160351255;1
0.9282694068165978;1.3848608218440726;1.31721658052713;1
1.6772646637943402;1.3542211124959487;0.027634054594121344;1
1.360756322073382;0.47399770798753016;3.3939304287290395;1
3.4408680739783004;0.8454812232824825;6.162393545615897;1
3.303935666193184;1.289762038379467;0.6153994833878058;1
3.631819486771619;1.019212419581143;5.495047826467098;1
0.8316891082603525;1.343941324461199;4.192196449993676;1
1.0612169335349086;1.4625120019922153;2.205732938756964;1
4.855218912367673;0.9522765716763163;1.234490913816909;1
0.9044676794895415;0.7997312516078176;1.1043235266937839;1
6.248121598845458;1.4733300665050313;4.411058682932444;1
4.699152088821178;0.8919505073578646;0.6416278353549262;1
2.3264695467682834;0.9055411023254947;3.8505567417132336;1
0.9968451105721386;1.215058106862993;1.5435074379579308;1
1.4979387040330425;1.011250946355631;4.649163906082252;1
0.6608555462469864;1.5347435833020475;2.754238741481629;1
1.7386643117926461;0.8285192757623314;6.136416614414265;1
1.185605789653732;1.057561364866165;5.580379594561513;1
2.503972597274311;0.16604585433744604;6.239019521724258;1
5.035352048059824;1.2549673205057266;3.30519345978155;1
3.828350485616627;0.601422499746507;4.0080051631051195;1
5.512913736446211;0.9519514288520765;1.9931918924390175;1
1.1343020483111774;1.476348450703182;1.4480251094984327;1
6.206042374845764;0.9966889214462222;2.8319544606512483;1
3.354788581855542;1.468156603273544;0.35996930531528154;1
1.2113940175598334;0.6962641676799951;0.9907098845844802;1
4.83348746387331;1.345084182951806;0.12214797670837668;1
2.060339758208246;0.47016932974207426;1.2157130555260607;1
4.1657343620883225;0.7916270303146554;4.5860255307228375;1
0.3182873064266774;1.55015342875781;0.3150688920088974;1
6.2102830568485;1.3329896528446825;2.3170386780271266;1
3.802923621009782;1.0171683530366613;2.1267457030840573;1
0.6712039757741839;1.3997502370100683;0.5897763330434083;1
1.4522388777926463;1.1682377838505948;3.995747529094304;1
2.0212148658136333;1.170162327302664;4.949250553887852;1
5.567840127777128;1.3423819265267982;2.345301854328694;1
3.2225087286085343;0.37857587594568837;5.21655708267317;1
1.1798568496141626;0.8228923965689305;0.11337566323825277;1
0.25579374917245856;0.9420128071189738;3.271862789142965;1
2.9211669455047926;0.62056670059583;1.1741947957858523;1
6.02554555641166;0.5832701929258097;4.757928054495262;1
3.9109974553598623;1.5105249410739086;1.3186055726159942;1
4.791628841864336;0.3700882173806662;5.122655885095241;1
1.6368069536991452;0.3361852470584313;4.444307667355521;1
2.783188917713493;0.39611165830637196;1.034701345242699;1
3.5661252471100844;0.46612566599647004;3.7206818264092703;1
4.302076297505909;0.13607458318354626;3.249797270469459;1
5.503441512979477;1.552081838546836;3.4617617766374975;1
5.845756583473436;1.4676294082824097;5.7732666634768135;1
1.1259828158828373;0.33186159978409174;0.006359877359932685;1
3.1989472451228633;1.424644542271982;0.44812892352217104;1
1.0356293102070309;0.14696602207797885;0.5050814861313683;1
3.0562168381686874;1.3626253187478978;6.270166574226811;1
3.143030609322106;0.9514647523076184;4.812365220300996;1
4.280855478899411;0.1533615926253834;0.8183102010187656;1
5.515595554187419;0.7296008302539039;2.42668453934024;1
5.805371328052686;0.9840836976319037;1.824147342351;1
0.6399896495273634;1.386301916271789;5.073063463722372;1
0.12425641103454124;0.4311589182672446;2.7929686331610766;1
4.908341156489187;1.0465006814351365;2.633899903816087;1
4.097176718129986;1.505710314597888;3.1741138454407385;1
4.746888598776195;1.4683798466789655;4.945434572376593;1
0.7097539713250746;0.6470941254336372;3.2693092832106454;1
3.499550592451923;1.4005680471332773;5.0611810867063864;1
0.019521253159006737;0.48162165264727186;5.684493669627565;1
0.7750156738284518;0.6882629937579419;1.763495626370824;1
0.0022572786472322046;1.4149327196121897;4.32596000622337;1
5.037141859103795;1.4122923770808609;4.883108333040492;1
1.6026863206683253;1.0141595032592143;1.7090045665977687;1
5.574569756802712;1.150421182784719;0.09920978147901785;1
4.023017583377414;0.5636978742888384;4.583189879821447;1
3.412168352036309;1.318293713118198;0.8960472927569437;1
5.334265309212132;0.8367413295343393;0.4751045410377118;1
4.769159114085188;0.7843300600064572;2.397884820188899;1
3.1167432493866456;1.2498662478758618;0.2723196642469858;1
5.599439381921886;1.1742902950393075;1.9450913114703392;1
5.815625668919825;0.1564068024851114;1.159166967423321;1
2.7336746929122318;1.128685385142012;4.246679059466937;1
1.539317320555465;1.3415082560508138;3.414826110997284;1
4.586442207209946;1.4851019482003975;0.3328411174094182;1
1.7397472608242497;0.7848922807729761;4.5312613192185545;1
4.823332880150408;1.1262230000570137;5.7003440551478715;1
0.8260559561101778;1.3689759041570142;6.174304744980318;1
4.642940478360083;1.516029740066765;6.251287118749573;1
0.7558281988809105;0.21149393813082804;4.532161635755161;1
1.4680452812724911;0.4401666294152796;2.6269703199659444;1
5.310607650270243;0.7884435779052034;1.8775728417058233;1
3.2221613810018543;1.3926456053467575;3.97185897697252;1
4.78278342385789;0.8169062252824282;1.191438774850793;1
1.123123297652283;0.4382776160483968;0.827888686504651;1
0.06648023027580732;1.5030369503809444;4.935769752475348;1
0.7368177105133029;0.9824682585211215;1.307071694559626;1
1.3221978426543979;0.4029337877726062;5.713962781373636;1
1.944742988336252;1.4508501556569102;5.420315267598321;1
2.640286087415954;1.4865424182247062;2.87037073318855;1
0.5344347523881587;0.9193497123604584;4.91494649866226;1
1.0536409002536127;1.5508548107510698;6.113912018591284;1
3.091399106143286;0.406320395003008;5.3744454531347925;1
0.23819223708420595;0.5671073958017054;5.543975539331191;1
3.86318329694992;1.1629550058554812;3.1419926530607545;1
2.9582643596183726;0.5092989529757983;2.8586637362292473;1
0.60809191115662;1.362806989631377;3.389752829878719;1
3.33763319022488;1.4825781531355706;0.1310969721207826;1
3.6928882709034596;1.1652607306998224;1.9292768429778733;1
0.8969427760951619;1.4832203348957105;5.944915769103387;1
5.68036900086313;1.162371184161094;2.531347329334705;1
4.228798535045077;0.746438636894882;1.0920793967196272;1
6.051153320760274;0.7850723123856657;1.2017683517670912;1
3.418284733434939;0.9518921211174814;5.099612942591487;1
5.978070204705296;1.5648401488380004;5.61573335493991;1
2.355187915763653;1.4930832724951468;0.7524008813283507;1
0.9719613015684253;0.9849573105011518;2.9290255662170024;1
5.3949073597532;1.3443340993277408;0.10444267677844707;1
4.197619881338475;0.5630223303187952;2.2981704236679303;1
2.3870418465600807;0.7858145465518493;4.85401884425176;1
0.7734781245066301;1.2944329647200092;3.968606844440166;1
1.2816499007773499;1.2064025182826132;1.2396848097527657;1
1.226085181115918;0.8511413611209201;1.7285694240315082;1
4.752145795222181;1.3441685799733611;2.0865390360725726;1
0.9176729526396751;0.9462435211956796;6.085853401804861;1
0.40118715644660785;1.3716337594998471;2.0354480573441998;1
5.91731428544437;1.3586696388424577;0.8192218936736226;1
1.7769356290595533;0.9646655174896368;5.44229241051642;1
3.466429161501771;1.5661479602209722;1.476965062174078;1
3.0978487406378554;0.9128001047150144;5.162451044056096;1
1.060272958997311;1.1716059781669101;0.49056470515809747;1
3.887065864104777;0.10524412665091894;3.6161512925642163;1
0.7123537941569249;1.1015976918957207;3.998571517662321;1
4.009778321303994;1.5279857645309107;2.3462898009441218;1
4.581709298348932;0.7191609014716788;3.049275206753202;1
4.9673810009280395;0.886332711581032;4.092387056094143;1
1.971691813903918;0.23959697739003882;4.0378572800580494;1
3.5000079315931503;1.522176636381907;5.25028409758982;1
0.1648740754445787;1.4025797700764666;2.8407288880409194;1
0.0927155894975061;1.5291351776493733;3.991826469093091;1
1.8170493533163317;1.2981607768055643;1.3744931414373016;1
0.6355225988818692;1.1096890942391742;4.66117027449144;1
4.84947219917246;0.7255388364850927;5.345973473960236;1
1.2627530066025479;1.3934806828497486;3.3786902080129013;1
6.030848246951572;1.1793327157337006;3.8963527307708943;1
4.726780152965451;0.5871543427462508;4.8077888579361;1
1.5665288907186852;1.3454874276614097;1.5636478828417242;1
4.143411610424652;0.5027019235280311;4.123139276801837;1
4.046537783991871;1.3357976788290982;0.5466598589210817;1
4.860562171541225;1.4891637582110298;1.519926797869262;1
3.1056946697630634;1.4718116541572346;5.803125908806883;1
3.434806840165082;1.3506162781716802;0.44989163696516893;1
2.109086460264178;1.4175096643279665;3.4274055798083736;1
5.333078596553634;1.2957918025684245;2.7677464040751674;1
0.7118619891820186;0.9513307495025849;0.7839049381974462;1
2.811944577174068;0.440165725720357;1.081526476791629;1
5.050478661220635;0.9850032464577259;4.969705725345523;1
3.40026969706307;0.9383874785040428;4.2835319910920955;1
2.2653052551329083;1.4043607142093384;4.895764846278551;1
1.2242390960225786;1.273753629369732;1.7435685671734797;1
4.669867852967091;0.2979398486491386;3.7185509066820264;1
2.538284451733236;0.636130311412093;4.288589710411286;1
0.876001408203812;0.6700267212756988;1.4300273013698137;1
0.11354683655028094;1.0788214742101145;0.17237729771947985;1
5.989613236573466;0.9839390318538553;3.3770284444175456;1
2.4562864392617145;1.5210326016948528;3.3427942665704613;1
0.7829767320449366;1.264059432234845;0.7176417096174044;1
0.2674995631040802;1.1577376396572223;0.6738110951740531;1
3.917713362033247;1.1109145871876747;5.600329457804643;1
5.846872745258949;0.22638480025346658;1.097990656687586;1
2.468197536175603;1.039682307468616;1.99376169242173;1
6.113615201644232;1.101724699598047;5.425690070421826;1
3.669103628967835;1.0167007156897103;0.553271288757097;1
2.234307473459658;1.2231334409317485;6.114558644622241;1
0.5536283481704747;0.32146452107289697;2.2205971746875717;1
2.1797627690390926;1.2238466781298238;5.390253830253601;1
0.27356881858973436;1.5679301765266336;2.191363534349391;1
3.757566699626959;1.2298228916196332;1.9679971391650262;1
1.8653398637601317;1.3010054352233933;4.649763112174266;1
2.6630636656976647;0.7206964766048943;2.53370704515169;1
5.857100264726328;0.8390671438164956;2.4739828926035785;1
0.5708331412658243;1.118936024943379;1.958476194986565;1
6.0093994635175125;1.5198834243399815;3.4925177602542314;1
4.155062899109315;0.4859301015304091;2.312636264352068;1
0.5829352850980424;1.3546696019696958;0.6885790986581987;1
0.8283039730136483;0.28610564397105803;2.8105051530237297;1
4.573363025935204;0.7623496218043949;1.8422047628258298;1
0.2752553358480113;1.2753362499290077;4.363423456023291;1
1.7431577604075696;0.5475617840330845;5.654490759800521;1
1.1929539769164004;1.0917284271945267;3.9874366908223005;1
1.6675545304983854;0.8780012095004598;0.06517368654504087;1
4.263435642595355;1.1149426229232549;0.08983188097644881;1
6.219519594903078;0.7114743763980976;6.096090494808728;1
1.875280785125653;1.0912263568922922;2.6779521643847706;1
5.07029442502913;0.4133007032584125;5.814412506841184;1
3.8908591846202216;1.1157756781234918;5.092336023405581;1
2.3920851658142417;0.8701646790855351;2.2140995129218304;1
3.303259112415608;1.4979528094956591;0.868739881267029;1
0.6191875868852127;1.4537763402692139;5.152458834736809;1
1.7053674852310328;0.16511829886865906;6.144996315709696;1
4.156091156207576;1.0162053526871124;3.9271485872762826;1
4.390373977883574;1.1022657453325997;4.080521089453885;1
2.1655433334417906;0.50805979450005;5.934878826558419;1
6.077874669634764;0.6166017062516225;2.4539141433041216;1
5.373818490737805;1.4466344171862482;0.17288039357735857;1
0.5799378859098245;1.1999253280320312;2.640812657639485;1
0.9562283260540285;0.5176905467151585;3.3195875065822484;1
2.377431974376535;0.7579403546619816;1.084039661813031;1
0.9366136907177108;0.5696265185060186;0.022560083539457855;1
4.197377608469588;0.9009555839036274;5.796342719733234;1
1.9036476697467068;1.3335593694414933;3.2074389201359965;1
2.232392730631773;0.8463341729103143;5.1253171841414416;1
4.093877031430977;1.1710895095904017;0.8832839016054252;1
4.20860874008441;0.7171440684541394;0.9556562001800604;1
4.098023986443708;1.1148095052540627;4.44433765015773;1
3.47492758086171;1.2353122883746412;0.3849221215147532;1
6.254423611231792;1.4023484672712268;6.250649442902409;1
5.9345268836607925;0.4932321163479342;1.4467807744136367;1
3.1773741994059392;1.497936241349395;2.069668311141921;1
5.077176674726479;1.1717446057879761;3.7325395305496922;1
5.966067656708255;1.0831746450482365;2.588897630443234;1
1.6622124006965995;0.950830395979303;1.685687451187427;1
3.00319514120658;0.9022541048741852;3.461578584370533;1
4.329038018318329;1.0587810597760314;0.41597652200985963;1
0.1785571097365331;1.3436795120571434;4.1673679689642755;1
1.1305267304054796;1.205987311673265;4.330784359874315;1
0.48497170415114155;1.183306539732313;4.517179524654986;1
5.91001833490339;1.4321845263133262;4.8994805151215415;1
0.007159237487461534;0.8391804358352217;0.14249998249160803;1
3.277144722890669;1.3082656717558034;0.37790670538536114;1
0.6197026974549823;0.05950898364912939;4.811490593918446;1
4.282239428535644;0.6659614927759797;3.2429370671819706;1
1.3225314049496966;0.8735972370673265;1.9673618056109214;1
3.8758073193152227;1.2904269779936643;1.2025644785630658;1
2.1380602349406104;0.4558908731555072;2.896805811322873;1
1.2706214411241095;1.0514085755595906;3.1435651349917464;1
4.499600755970428;0.9082107633867726;2.7518377579006406;1
3.518964782551197;1.35321109123959;5.086980224657683;1
1.1163446395295764;0.5997989073255453;1.9057165892118142;1
0.24195446570207427;1.503586486223465;2.095878788795616;1
2.9623086787164854;1.0261956209153058;0.034711693851771114;1
3.1836660334999043;1.522257456236688;3.1414361925061742;1
0.9655893956808734;1.2854875181356493;0.6983874682593181;1
4.203633940815;0.8238225147725002;5.752376570718215;1
0.21352122072804233;1.037806483575669;5.227763745629431;1
5.84426352148667;0.0667513703796329;5.3445050951350215;1
5.9742864583327;1.3268827671400845;4.558407805258867;1
4.406436935938951;0.5560166514024221;5.716818932161412;1
4.353490230013804;0.9905865902163993;2.415306516600464;1
0.5828334624557203;1.5018736246482565;5.091893835761456;1
5.776088979902845;0.7569501554666368;4.281072175983917;1
4.848542633424464;0.6078931820650408;1.1518872848016666;1
2.356197992569329;1.2299982345379181;0.5766073333914938;1
4.025471767975852;1.3383337500855799;1.2208197771640643;1
4.605731872904488;1.3641541341510581;1.5548096292198907;1
3.696702926501276;1.0977132411420436;5.450333455590862;1
1.6438405605456377;0.9413351557233739;5.758489190435389;1
1.4609021381638547;1.514248960594703;0.231612820882356;1
4.650198667248265;0.9463768356518254;5.439065675556164;1
3.7375722325505603;1.36324746674507;1.6087154663707182;1
4.483602346989543;1.5028648135257787;3.9689288203022506;1
2.871747356523629;1.226759584875496;0.6614085697820024;1
1.0031186026704861;0.8026664333122114;4.711426092872317;1
3.9106035580780447;0.5098459682820893;4.138644983884553;1
5.4099657878330065;0.6389568589667483;5.660564529715098;1
6.178042243548087;0.3075427671214328;2.117116296461906;1
2.8832203681518838;0.9121065958137224;1.4153064080949578;1
3.99248648915782;0.9740109205324688;3.653103093323937;1
0.4183178102688129;1.4603614498172859;3.138940914834428;1
5.770240247300674;1.375234941374685;1.6648912257566002;1
0.11249674740296893;1.5655722978121072;1.9101485610460653;1
1.593039095262413;0.974528655122304;1.258755889559603;1
2.6213185424456675;0.6885846206083112;5.364885046966693;1
4.558925195461603;0.8172977142356589;3.994905090153474;1
3.508087410425457;0.5891369375541361;0.011363931104630529;1
0.9784340426883743;0.7122833495460409;0.20663376808426925;1
2.762405486479675;1.0672313926177206;3.1670817670513616;1
4.856984956692838;1.4365878068775781;2.5731279365736746;1
4.859254038935556;1.3537263403175481;0.01790498417096215;1
4.6472613011893555;0.7987804060856362;6.239193927667431;1
2.316987352580076;1.3563837193026684;0.7776575128288225;1
4.074318545511365;1.2407629411917376;1.0153872482777613;1
0.9618624213630744;1.3816597253161762;2.9949631337756526;1
3.2605876540496004;1.0289239906528018;4.040316513174715;1
3.297324145631238;1.00646903101505;2.1602057885249866;1
4.914278406366004;0.25509004475587027;3.633356795486902;1
0.9269219902877949;1.4199059932429758;0.8821799651592929;1
4.371524798191076;0.9579330435269324;2.6682795250573323;1
4.258625256178227;1.3907236060704524;5.294001221624237;1
4.2140845083180665;1.0968324819359072;1.595810190833849;1
3.4810128646075715;1.093156972747134;0.2764351976583045;1
0.8996081975102803;1.5637718618293603;6.060345190053862;1
4.3461860976435265;1.3887079651263055;6.091619701705859;1
0.5648611829536366;0.32763249987502097;2.262189601784527;1
2.2083733002587937;1.1456720977141333;0.20777538235493612;1
4.2380703503181865;1.416692157446617;1.3049244579459474;1
1.5706401230155314;0.46071305688495456;3.5704007773873645;1
0.7701207183598923;0.684680817200596;6.014679649039307;1
0.8505365744448237;1.4548115547024354;2.613014314136407;1
6.037870096299185;1.1529341094947718;0.8347547854045715;1
0.41701010116664616;0.3941495040402904;4.138427833565973;1
3.83320824138719;0.599686326783615;4.861645358315748;1
5.2248472868065585;1.2602751430631263;0.16001424363686886;1
4.957107567413196;0.22211922107175452;0.9313162121742854;1
4.285859469422478;0.9247674651229811;1.410641774444907;1
4.787608383285103;1.3548199058818822;1.0059813792719112;1
3.0479288883415427;1.4958780757610712;3.940615485442376;1
3.272660196323635;0.6613311672849773;5.999878894879488;1
4.644732721130198;1.3937657671386856;3.353639364635446;1
0.8035426877494277;1.1064595233220718;4.20996776713391;1
3.971929532069762;0.7575121932634957;2.977645942755097;1
4.018891593952163;0.34580819832330234;4.38327501858107;1
3.1706378979818015;1.5241517926826562;1.211111160594907;1
5.965062991565174;1.4090393941207648;1.8427637612300256;1
0.4336181354478722;0.9747453305540698;4.764566665353994;1
0.7417342202826112;0.24917639113790588;3.7563054330651244;1
2.492236016764534;0.8593594094097744;3.1697951322380398;1
0.4183236042290608;1.018283650966667;4.967670098135482;1
4.59410988777302;1.214909432908991;4.714990364749109;1
0.36274725336409475;0.8459610592515198;6.187010072344294;1
2.1192895904734934;1.025307500946481;4.159104884783274;1
0.350040544991537;1.016386593454444;5.324431601840581;1
5.586379101033644;1.0369390083881997;3.416894536463794;1
3.709480605350722;1.452063933775163;4.411795902420329;1
5.767963462051808;0.5979955630826109;5.4299737177631116;1
0.7397466750971438;1.0237526242007866;5.480849098444508;1
5.993077291740145;0.837624261729309;3.5204658661309653;1
2.6758751205315496;1.1696415740014612;1.7486883098481734;1
3.9342968098969187;0.9845883730756341;3.718509611138512;1
2.686214406516195;0.7448446332627071;1.3962367333533672;1
5.444204662426319;1.3589246937068702;1.7886376398390718;1
4.189701779702243;1.2710456376855777;6.242826207131955;1
4.597384125307663;0.7606156488217243;0.13319722246734902;1
1.1604884037149712;0.6230377032435902;2.7142465982578208;1
2.010306208187848;0.7212665205730244;0.7303361866178523;1
3.6964590640604897;0.7626704118863304;0.49899111380941386;1
5.5255422026469985;0.8032430043707104;5.62305467367728;1
3.0374502604197153;0.41145944390434175;4.204689907782703;1
5.840292902093844;1.405792657935091;4.601414799046373;1
0.030414409588759895;1.3475845973353213;4.50832421310301;1
6.113840230987074;0.9613460569367559;0.598945405406287;1
2.1251638115591125;0.9884802976192265;0.7527313730258012;1
5.8466091955157395;0.7630841493605215;6.04322880494654;1
3.8469106757465834;0.9229059623225363;1.8328822296196159;1
3.5839470823656634;0.28840110149084125;4.353981068226406;1
4.814488356083536;0.5685325529014308;2.1315571805521816;1
0.23622118944226328;1.2491792632386247;5.419647583772107;1
1.908197048987634;0.4028141384327413;2.9580424051801235;1
4.629925734033324;1.5247143299124681;2.2643535648039523;1
4.6097963409405525;0.5098391347774445;4.880680002854559;1
4.7043572403862965;1.1894815628031419;3.063109207450752;1
5.731067738760729;1.2494142946821554;1.0697649872698478;1
0.7893179952267755;0.4961274355285915;4.729400967129232;1
0.1573026361932469;1.1511523826475027;4.3800603025478075;1
3.9012622405327826;1.4268727818211808;4.441112587000834;1
0.8167791839978686;1.502154837841586;1.5983606649250899;1
6.081488066467293;1.4268124727514695;4.792249638554019;1
4.327847912672915;1.1497266849082737;3.6690770683054548;1
5.536269333358367;1.1594747196681396;2.7151951821328777;1
3.130919065412353;1.0826450444004567;6.26540195090399;1
4.183002370029718;1.2951133455493578;2.8742296468646993;1
4.09078260588747;0.8123948135577926;5.1161278332502835;1
1.0478760257829123;1.2816856046226919;4.143329414266363;1
2.1522560866820903;1.3978264770549784;5.1641441464476925;1
4.912472941946423;0.3471312953537294;6.261124017940834;1
2.334884650801647;1.3468399367782338;5.902813057426954;1
1.346652886866117;1.4098508070143865;5.734007804292996;1
2.2756023964235736;1.371750761011858;4.29547437383684;1
2.623566691153711;1.4631094609447246;5.773184932057285;1
0.26521474964904496;0.49163007501485523;1.8976107335232038;1
5.862592157235015;0.8459845076472203;5.832314345798004;1
1.5902525668356486;0.42337849602442623;4.068301621768306;1
1.6351874823583787;0.7392372331592907;5.442629279609828;1
5.009276854693159;0.8927019944609353;5.972706160537705;1
3.2210364329811703;0.2688194816086722;4.8696373312511945;1
1.6288763207433932;1.5094778331257228;4.697010282884808;1
6.062282751623261;1.443723518812006;0.53414503088463;1
4.522210671683917;0.8442028125315968;5.633238972018505;1
0.11931633612045257;1.2706121577509242;0.29509439084305;1
5.715825182562936;1.292058235636776;0.5520061047784592;1
0.07490525301863472;1.1882627640421939;5.760707083402146;1
0.5234923967241667;1.0041467830416462;4.2549817367703975;1
2.0875938463960746;1.3019359510704056;1.9494632728618377;1
2.525329335333402;1.192632596542881;2.2981857936144374;1
4.751337142102459;1.4816245011071336;5.971433993306514;1
1.7081873947550466;0.7108717247253681;6.0166355051226095;1
1.7213492457411603;1.3146290754624994;3.8768441260812443;1
0.875760676277505;1.2410436711245194;3.532885544702823;1
0.27675720390487574;0.8214521791393358;3.530862785215022;1
1.0223064231821446;1.3066225765359865;3.226628007477987;1
2.2447096723044657;1.2556986109402049;3.936991206065202;1
5.1758642100121595;0.4130980387132748;2.830693480400565;1
3.3781812678344467;0.6682353595032476;1.3973971566060277;1
2.816751255817142;0.7173115884646601;2.4647610949241403;1
4.868004346483017;1.1006087663689725;4.378743534086326;1
1.4883945942613999;0.7925670987350749;5.183886992900009;1
4.623648115548621;1.1523380930094629;1.197575144043279;1
2.534004819738354;0.37857952709737097;2.166804519742359;1
0.08286112691722357;1.5073251949018074;1.3993832743669603;1
2.682458907368954;1.2095044547018794;5.962254096549186;1
3.94689895970475;1.3655651165543414;0.32032070985513506;1
6.1564240135270065;1.0647974574551855;4.815846328241007;1
5.3514076654881135;1.32483543000895;3.1859020741503;1
2.74079128258855;1.324282638692067;4.111792147647005;1
6.019253726250997;1.5297432479586957;6.1772128631680365;1
5.23798050683853;0.32726538168917313;2.2989079997367914;1
2.9112791211788926;1.043762457992091;3.48108702030624;1
6.122556175096602;0.8170486819439696;5.120467426082584;1
1.2938238430625684;1.0559719066784066;4.246796715015469;1
5.9525057397128;1.061094936888282;3.860439318942948;1
5.617405267872695;0.20589265884826508;2.3134841675434554;1
3.4659277048346904;1.2826140508285493;3.34508364633794;1
3.959172630125159;1.1903870000713397;2.617370842195448;1
5.805056839948626;1.408393979049826;4.382767033941068;1
2.1582666399959787;0.9440082451376685;3.989839617913522;1
3.3873451941427537;0.9234892337427267;2.218134398809957;1
0.1467650601040058;0.9395839220185227;0.6140312245311069;1
4.867108635995223;1.213073657045103;1.3145939377536209;1
2.6094551627164932;1.5401641573477647;0.2582682608442487;1
2.6695397844579523;1.016964734719573;0.8762530615111593;1
1.636321343679901;0.742308903241942;4.3348526454452;1
0.7613824671536122;0.861866814088595;1.1867938756594851;1
5.280414086110085;1.0692859108597519;6.099528434580049;1
1.0732116037145283;0.8390296917333553;5.5450583130961535;1
1.3761479013648;0.8247279398541664;0.802384787221452;1
1.0585609151524624;0.19345048404826054;1.9194554926854435;1
0.6842838153635958;0.3586620510342052;5.564998156769768;1
0.4107889107107972;0.9586998624890053;4.640805057489436;1
1.6293163527689698;1.3001925577222715;3.455614571111484;1
3.698419107217613;1.2625964329914852;0.2566394109198969;1
6.092073306175599;0.5180864727815121;2.267332955894633;1
4.986730278516478;1.0057405236331445;5.79486749997803;1
0.9049465230403365;0.5869973592305436;2.6518997620822073;1
3.653586353878064;1.4630777063622786;3.869189707754361;1
5.494293232332717;0.8821693091600419;3.189463302709233;1
3.895778589170082;1.0587191379168712;4.855048374710876;1
0.4438217627879479;0.9204896989008342;1.5587167411768277;1
5.324121243851568;0.91636604505355;0.8703609476036887;1
0.9919203615359014;1.1448202036124995;2.3121105155825017;1
3.739476983547043;0.7506254297290262;2.164421798634631;1
2.3327882164782117;1.0398491358108852;2.2384000478750337;1
0.12956974213086517;1.0166458766411501;0.20725990142876516;1
0.28479490228365695;0.1393736247778543;5.089777360777122;1
3.514636005976367;0.2683708680281604;1.5683734962273128;1
2.597194944769047;0.4927413874131807;3.821040028031588;1
1.6999447959006644;1.2371119985001684;1.4373577121963275;1
3.0546000278899337;0.7981739180151951;3.1098566656707716;1
2.630182950582058;0.798134449686846;1.2377155018834394;1
1.918108177013329;0.7273382365080114;5.306364824714278;1
1.7369448214780059;0.40774263555268675;5.401846407208074;1
1.8727264858256298;1.528484697636857;3.8888636135793795;1
4.504187184550814;0.20235296853738077;4.644144255058683;1
1.1093367320988272;0.3318159530236193;2.7435897941542517;1
3.950820257181864;0.30021655510817735;2.071784984552573;1
1.243057642717843;1.3452434921724943;2.2779825091330923;1
5.7861008106543075;1.4789771318181049;0.9015802683442983;1
0.3808071492884975;1.3010510478251667;2.8929364420117656;1
5.636011839491024;1.3114690146033174;3.501484814522708;1
6.117774591929183;0.7921477696825977;1.8803243499265028;1
0.42712514721690326;1.5177546196434217;0.3523468387514421;1
4.780339868169429;1.4412324854997016;4.7437416295643615;1
0.8546862630762091;1.419118646955164;0.0578850876275145;1
2.0635180805222264;1.2872422368102856;2.7113134899498057;1
3.185879908289892;0.9747901117825732;4.527210919822089;1
3.310883503006935;0.7034037557601299;2.9119318220604877;1
3.019815417400562;1.4609012179328043;4.869314939138112;1
4.97556178922573;0.6019013667684406;0.1941435010411137;1
2.424035000391451;1.1357779551077785;5.991642983923232;1
5.710764012165499;1.5363353238342132;3.67213615208089;1
4.36861278387587;0.9904076196203866;2.6282091555094182;1
3.529342919614559;0.6924534321462131;0.3858100702743464;1
1.9074930097417662;1.056203484156816;5.408188132826008;1
4.955233523775322;1.4469923048648674;3.6924047785035023;1
0.7026891701983696;1.1842572462632424;4.224459017844246;1
1.1827502622329356;0.5329656582676104;4.1554752805551125;1
1.0043950075204524;0.684933186191856;2.5204514703016745;1
2.002652673894169;1.4466035003089315;1.662467343997594;1
1.8432566344850831;0.9084576702926398;1.3650914280910798;1
4.198209621138724;1.2549183381944444;5.9654716559047225;1
4.285469549465274;1.113374541658346;2.396986036447253;1
1.9910902642921506;1.1556524720477084;4.382216825287704;1
0.0921294824993537;1.3154816324277248;4.997770167629058;1
4.743380884404227;0.9837159009267492;1.9095986164621188;1
2.6072531828273777;1.1708235282133397;1.7031883900801768;1
3.6546385912670583;1.4528728224988108;3.364020954790926;1
4.672935782184645;1.0682321600356328;4.902980138826715;1
0.8213987777885794;1.385302572120719;1.5222375733404572;1
0.595311730704585;1.3186501862080688;2.438598950592315;1
3.783963432967688;0.7865007905691699;4.184612456350531;1
4.696163618149976;1.0927954578188697;0.11984472101707003;1
3.2397473882678276;1.214309175447061;0.620621810399628;1
1.9897345935265744;0.685699169816153;3.193768163368068;1
1.5007689574206904;1.0923350343183469;5.4253908696603235;1
1.425104448845966;0.4369515532236055;1.985356319919774;1
5.113003390680706;0.2759986415554481;5.426459902812375;1
1.4714639401585428;1.5184837212122324;4.969831002622793;1
0.9155487842389824;1.1975019463167738;0.5152552460352702;1
3.2254658628975674;1.5202998920265296;1.991908492019705;1
0.09286779514349573;1.0484264372673495;5.060388192836637;1
4.399745536208414;1.3973001993751997;0.6731279615453343;1
6.277178499769379;1.1920539022948153;4.668601626226096;1
2.054922133513878;0.6595628203840537;4.960920966376402;1
4.903512583598017;0.4995360061879566;5.346092418584796;1
4.889113176793636;0.8193463781659321;2.422699430210619;1
6.13432163165071;1.522859735190526;4.021163620252558;1
2.583982574566262;1.258635375244778;2.3326889253522087;1
2.8401080833378467;1.5301456092454224;0.904019336613274;1
5.714918314934522;0.9986745400808669;2.9495813206782113;1
2.577757011415206;1.340718439200756;5.981361746478657;1
3.2398469864326183;0.4010404621778107;4.932076497148437;1
3.8581398303138212;1.2926919338375753;4.668801988429929;1
1.4560095883729818;1.3857330424820322;1.2252729415353414;1
0.7089871000266018;0.8090849854536538;2.0091892578817925;1
4.400241311651003;0.9894679515491958;1.7757780898689717;1
2.147947065628483;1.467872053022345;0.3361400637377727;1
3.6634594604168695;0.5598234405037252;6.085687308532642;1
3.3227569409151956;1.235143033820258;6.2427838749751245;1
1.7496858209077093;0.5605367665149367;4.348344771534903;1
5.334089698981228;0.7982257916833626;1.975406399579401;1
3.9507705059118132;1.136796554136375;0.14902297714812068;1
4.010058510437988;1.189545322222843;4.464403610410908;1
2.5346990195798598;0.49860287986947144;5.618557944937377;1
2.6982173519680326;1.3274109877701585;1.7975146259450823;1
1.7160208374194836;0.6478618109312334;4.982555313171222;1
2.3775963857686677;1.3251905750613981;1.2837460948998403;1
2.1259603599814407;1.5014748689714195;5.381639041381017;1
2.30050079914426;1.0918356911022877;1.223990010265568;1
0.6503341649713938;1.5567669308436154;2.6526420092892944;1
1.910363176302924;0.9953874980735455;0.53347807128516;1
5.171047742519246;1.4095221586411246;3.075080333781015;1
5.294142190744535;0.7217615048560578;0.01595692752283693;1
0.22443775252942416;1.210402026261229;2.476417068049311;1
1.521026586070229;1.2596328038119042;1.6220042073635528;1
4.2143517033197995;0.3159579891075213;3.637104991129043;1
5.399669996935006;0.7181549450657411;1.0784020979410813;1
3.736994891521406;1.4834165800613406;3.2129982062395204;1
5.236823472936874;1.340616111910074;0.4941289499651638;1
4.988792018245014;0.6650872781918254;5.504755838345327;1
4.466096326692969;1.4149327129198395;1.823800381784193;1
2.3699010605431763;0.8848418994662796;0.7058322986431924;1
0.5061040175666119;1.5657375177707498;0.300673134682606;1
1.6470848667868965;1.548090169355244;0.6249289332444946;1
4.56888452243374;0.9005186749788745;1.350226123093951;1
1.2214978168442947;0.9953799116622584;2.3020302902677883;1
2.1386447963550723;1.487592674403226;0.5104879809448981;1
4.6975749754981235;1.5666763175071046;0.7480166036618043;1
4.5959680968174235;1.244162353513724;4.835006627592704;1
1.2220739206274074;1.5005990980345383;5.060988344235626;1
3.891025920683982;1.3073315737016127;1.0923034850041338;1
5.093349028345964;0.9213251473850093;6.007015482330549;1
6.2572105189730225;1.1672582933653317;3.26225936425541;1
5.663772304005671;0.5194327898622738;5.708220100110014;1
3.347629160430817;1.0778177873665782;4.354768256185697;1
5.722601823170092;0.5325147904463792;2.713366005061427;1
2.601121923768906;0.46181970465627165;4.4399446158311395;1
3.746052818847137;0.4366241812937373;3.4823112370695024;1
5.639897822593363;0.5058740815634403;3.2732767197669776;1
5.135686728620227;0.45162409073880744;2.2032262658116073;1
0.8158599276284966;1.1949885168436414;0.6618887530525293;1
4.986191790630023;0.8394155801496161;3.171180884796926;1
3.886005857841965;0.39274130276593316;5.36853077264138;1
1.3481956299814357;1.507073743348063;6.223089947419414;1
6.170284855624628;1.5499859299428818;1.8988831687422987;1
4.651607975873379;1.1509716689708778;4.826925810123451;1
2.0288992821043803;0.8558092528223539;4.106859511161619;1
4.829376732029276;0.14363728019380984;2.592307561645215;1
5.23807714433409;0.5542587579617423;4.865845515552731;1
5.51934587471539;1.1009191874577688;4.55011481087593;1
0.5072355027285346;0.9245300223226707;3.153659894790034;1
4.630944624757379;1.29324864968423;4.270894796854091;1
1.034837636973211;1.0228719503441837;0.4524084840319691;1
0.4791242398065861;1.1750524194871548;1.6808085095950216;1
3.2826964818263904;0.21966989798513228;0.06263980326745273;1
2.24522362426554;1.1635504112730364;3.104602988451795;1
1.269647451175928;0.5439779084420816;2.8753530769227544;1
0.8495444984393462;1.1960095157256418;5.97256623281902;1
4.6641101061856345;0.7810815176697153;5.390243991655689;1
4.734620588669852;0.8480014206407118;0.2208587728491548;1
